{"name":"poise-languages","version":"2.1.0","description":"A Chef cookbook to help writing language cookbooks.","long_description":"# Poise-Languages Cookbook\n\n[![Build Status](https://img.shields.io/travis/poise/poise-languages.svg)](https://travis-ci.org/poise/poise-languages)\n[![Gem Version](https://img.shields.io/gem/v/poise-languages.svg)](https://rubygems.org/gems/poise-languages)\n[![Cookbook Version](https://img.shields.io/cookbook/v/poise-languages.svg)](https://supermarket.chef.io/cookbooks/poise-languages)\n[![Coverage](https://img.shields.io/codecov/c/github/poise/poise-languages.svg)](https://codecov.io/github/poise/poise-languages)\n[![Gemnasium](https://img.shields.io/gemnasium/poise/poise-languages.svg)](https://gemnasium.com/poise/poise-languages)\n[![License](https://img.shields.io/badge/license-Apache_2-blue.svg)](https://www.apache.org/licenses/LICENSE-2.0)\n\nShared support code for Poise's language cookbooks like poise-ruby and\npoise-python.\n\n## License\n\nCopyright 2015-2017, Noah Kantrowitz\n\nLicensed under the Apache License, Version 2.0 (the \"License\");\nyou may not use this file except in compliance with the License.\nYou may obtain a copy of the License at\n\nhttp://www.apache.org/licenses/LICENSE-2.0\n\nUnless required by applicable law or agreed to in writing, software\ndistributed under the License is distributed on an \"AS IS\" BASIS,\nWITHOUT WARRANTIES OR CONDITIONS OF ANY KIND, either express or implied.\nSee the License for the specific language governing permissions and\nlimitations under the License.\n","maintainer":"Noah Kantrowitz","maintainer_email":"noah@coderanger.net","license":"Apache 2.0","platforms":{},"dependencies":{"poise":"~> 2.5","poise-archive":"~> 1.0"},"recommendations":{},"suggestions":{},"conflicting":{},"providing":{},"replacing":{},"attributes":{},"groupings":{},"recipes":{},"source_url":"https://github.com/poise/poise-languages","issues_url":"https://github.com/poise/poise-languages/issues","chef_version":[["< 14",">= 12.1"],[]],"ohai_version":[[]]}